Trial Balance,,,,,,,,,,,,,,,,,,,,,,,,,,,,,,,,,,,,,,,,,,,,,,,,,,,,,,,,,,,,,,,,,,,,,,,,
Sandbox Company_US_2,,,,,,,,,,,,,,,,,,,,,,,,,,,,,,,,,,,,,,,,,,,,,,,,,,,,,,,,,,,,,,,,,,,,,,,,
"As of December 31, 2025",,,,,,,,,,,,,,,,,,,,,,,,,,,,,,,,,,,,,,,,,,,,,,,,,,,,,,,,,,,,,,,,,,,,,,,,

Full name,January 2023,,February 2023,,March 2023,,April 2023,,May 2023,,June 2023,,July 2023,,August 2023,,September 2023,,October 2023,,November 2023,,December 2023,,January 2024,,February 2024,,March 2024,,April 2024,,May 2024,,June 2024,,July 2024,,August 2024,,September 2024,,October 2024,,November 2024,,December 2024,,January 2025,,February 2025,,March 2025,,April 2025,,May 2025,,June 2025,,July 2025,,August 2025,,September 2025,,October 2025,,November 2025,,December 2025,
,Debit,Credit,Debit,Credit,Debit,Credit,Debit,Credit,Debit,Credit,Debit,Credit,Debit,Credit,Debit,Credit,Debit,Credit,Debit,Credit,Debit,Credit,Debit,Credit,Debit,Credit,Debit,Credit,Debit,Credit,Debit,Credit,Debit,Credit,Debit,Credit,Debit,Credit,Debit,Credit,Debit,Credit,Debit,Credit,Debit,Credit,Debit,Credit,Debit,Credit,Debit,Credit,Debit,Credit,Debit,Credit,Debit,Credit,Debit,Credit,Debit,Credit,Debit,Credit,Debit,Credit,Debit,Credit,Debit,Credit,Debit,Credit
Checking,"143,851.32",,"129,191.99",,"134,945.67",,"255,680.19",,"225,470.34",,"233,621.57",,"264,898.43",,"249,604.78",,"294,506.55",,"322,661.20",,"307,393.05",,"299,467.17",,"311,922.98",,"305,476.06",,"276,000.34",,"275,148.26",,"282,944.49",,"363,798.97",,"397,786.67",,"404,006.35",,"391,073.94",,"404,240.05",,"402,843.78",,"393,494.43",,"394,956.08",,"398,525.11",,"388,109.57",,"394,447.48",,"382,636.26",,"452,738.13",,"428,813.54",,"462,805.74",,"473,734.00",,"450,238.30",,"447,740.41",,"410,900.99",
Savings,"460,692.48",,"486,008.39",,"509,304.60",,"520,155.15",,"660,301.30",,"698,274.13",,"822,570.38",,"906,296.89",,"985,097.05",,"1,056,408.40",,"1,106,897.08",,"1,116,960.56",,"1,125,911.60",,"1,155,123.23",,"1,220,456.21",,"1,302,049.48",,"1,379,039.90",,"1,398,042.57",,"1,500,737.53",,"1,609,054.80",,"1,696,932.52",,"1,796,607.39",,"1,817,476.03",,"1,818,523.01",,"1,828,580.94",,"1,847,755.03",,"1,903,020.19",,"1,915,201.81",,"2,017,148.90",,"2,117,388.40",,"2,153,094.85",,"2,174,196.05",,"2,214,199.05",,"2,240,876.99",,"2,258,306.49",,"2,306,033.08",
Accounts Receivable (A/R),,"39,463.38",,"40,185.02",,"43,250.93",,"48,796.72",,"51,865.17",,"56,400.77",,"64,243.42",,"65,321.49",,"68,999.78",,"74,762.12",,"81,314.50",,"85,065.47",,"89,118.55",,"91,761.66",,"95,521.17",,"100,947.06",,"105,757.46",,"109,188.82",,"116,868.21",,"121,056.89",,"125,178.90",,"129,606.44",,"134,386.38",,"138,390.53",,"138,918.74",,"138,335.61",,"142,014.45",,"143,009.65",,"147,954.16",,"152,954.58",,"160,510.09",,"163,719.36",,"167,609.15",,"170,999.78",,"175,732.06",,"174,895.58"
Undeposited Funds,"76,488.38",,"80,275.02",,"86,245.93",,"93,271.72",,"98,470.17",,"105,425.77",,"115,178.42",,"122,286.49",,"130,009.78",,"138,712.12",,"147,759.50",,"155,545.47",,"162,948.55",,"168,561.66",,"175,346.17",,"183,107.06",,"190,042.46",,"196,958.82",,"206,518.21",,"213,276.89",,"222,013.90",,"230,436.44",,"239,536.38",,"246,285.53",,"250,428.74",,"255,800.61",,"262,909.45",,"269,779.65",,"279,284.16",,"287,184.58",,"297,470.09",,"304,534.36",,"313,040.90",,"320,299.53",,"329,694.61",,"338,138.92",
Truck:Original Cost,,,,,,,,,,,,,,,,,,,,,,,,,,,,,,,,,,,,,,,,,,,,,,,,,,,,,,,,,,,,,,,,,,,,,,,"13,495.00",
Accounts Payable (A/P),,"8,553.43",,"9,980.27",,"13,331.22",,"23,216.91",,"27,921.85",,"34,161.82",,"35,335.19",,"36,004.52",,"37,022.34",,"40,815.98",,"36,173.75",,"32,958.04",,"25,069.24",,"21,518.11",,"23,408.44",,"27,118.45",,"34,662.56",,"52,944.39",,"59,687.75",,"70,200.50",,"68,853.54",,"71,944.16",,"62,076.90",,"57,027.92",,"50,985.97",,"49,940.08",,"50,506.31",,"52,240.26",,"63,407.88",,"70,024.57",,"75,552.29",,"90,219.87",,"94,542.87",,"93,182.37",,"86,914.52",,"84,557.90"
Mastercard,,,,,,,,,,,,,,,,,,,,,,,,,,,,,,,,,,,,,,,,,,,,,,,,,,,,,,,,,,,,,,,,,,,,158.08,,158.08,,709.76
Arizona Dept. of Revenue Payable,,,,,,,,,,,,,,,,,,,,,,,,,,,,,,,,,,,,,,,,,,,,,,,,,,,,,,,,,,,,,,,,,,,,,0.00,0.00,0.00,0.00
Board of Equalization Payable,,,,,,,,,,,,,,,,,,,,,,,,,,,,,,,,,,,,,,,,,,,,,,,,,,,,,,,,,,,,,,,,,,10.50,,32.50,,6.40,,320.84
Loan Payable,,,,,,,,,,,,,,,,,,,,,,,,,,,,,,,,,,,,,,,,,,,,,,,,,,,,,,,,,,,,,,,,,,,,,,,,"4,000.00"
Notes Payable,,,,,,,,,,,,,,,,,,,,,,,,,,,,,,,,,,,,,,,,,,,,,,,,,,,,,,,,,,,,,,,,,,,,,,,,"25,000.00"
Opening Balance Equity,,,,,,,,,,,,,,,,,,,,,,,,,,,,,,,,,,,,,,,,,,,,,,,,,,,,,,,,,,,,,,,,"5,000.00",,"5,000.00",,"5,000.00",,"5,000.00","9,905.00",
Billable Expense Income,,657.87,,657.87,,657.87,,657.87,,657.87,,"12,872.96",,"12,872.96",,"12,872.96",,"12,872.96",,"12,872.96",,"12,872.96",,"12,872.96",,"4,600.28",,"4,600.28",,"4,600.28",,"4,600.28",,"4,600.28",,"4,600.28",,"4,600.28",,"4,600.28",,"8,761.49",,"8,761.49",,"8,761.49",,"8,761.49",,,,,,,,"1,425.53",,"1,425.53",,"1,425.53",,"1,425.53",,"1,425.53",,"1,425.53",,"1,425.53",,"1,425.53",,"1,425.53"
Design income,,"1,875.00",,"3,000.00",,"6,717.54",,"7,317.54",,"7,692.54",,"9,342.54",,"28,536.27",,"32,061.27",,"34,161.27",,"35,136.27",,"43,393.78",,"45,868.78",,"1,125.00",,"12,210.31",,"13,410.31",,"34,785.42",,"35,235.42",,"37,560.42",,"38,310.42",,"38,685.42",,"41,010.42",,"42,885.42",,"45,135.42",,"46,926.99",,"1,950.00",,"9,874.09",,"10,624.09",,"13,399.09",,"15,274.09",,"16,024.09",,"17,224.09",,"18,724.09",,"20,524.09",,"21,199.09",,"23,449.09",,"26,374.09"
Discounts given,,,,,,,,"12,922.62",,"12,922.62",,"21,037.84",,"40,954.31",,"40,954.31",,"40,954.31",,"65,661.90",,"65,661.90",,"65,661.90",,"31,380.20",,"31,380.20",,"31,380.20",,"31,380.20",,"33,013.48",,"44,768.73",,"47,288.40",,"47,288.40",,"47,288.40",,"47,288.40",,"71,223.25",,"72,962.52",,"3,937.06",,"3,937.06",,"3,937.06",,"3,937.06",,"3,937.06",,"22,137.96",,"25,974.64",,"25,974.64",,"25,974.64",,"25,974.64",,"31,044.70",,"30,955.20"
Fees Billed,,,,,,,,"70,099.39",,"70,099.39",,"70,099.39",,"70,099.39",,"70,099.39",,"70,099.39",,"70,099.39",,"70,099.39",,"70,099.39",,,,,,,,,,,,,,"7,526.14",,"21,707.40",,"21,707.40",,"21,707.40",,"24,251.06",,"24,251.06",,"7,571.77",,"7,571.77",,"7,571.77",,"7,571.77",,"7,571.77",,"7,571.77",,"7,571.77",,"10,046.67",,"10,046.67",,"11,984.85",,"22,113.79",,"22,113.79"
Landscaping Services,,840.00,,"1,505.00",,"1,505.00",,"1,680.00",,"2,485.00",,"2,590.00",,"9,160.80",,"9,825.80",,"9,825.80",,"10,385.80",,"10,945.80",,"13,210.75",,280.00,,"2,833.85",,"3,498.85",,"47,162.93",,"47,617.93",,"64,331.17",,"64,716.17",,"65,591.17",,"88,467.14",,"101,313.85",,"101,943.85",,"102,503.85",,210.00,,595.00,,"1,400.00",,"2,730.00",,"3,080.00",,"44,513.21",,"53,086.19",,"53,786.19",,"81,502.31",,"92,191.40",,"93,326.40",,"94,456.40"
Landscaping Services:Job Materials,,"2,293.04",,"2,293.04",,"2,293.04",,"6,400.39",,"6,400.39",,"6,400.39",,"47,017.75",,"47,017.75",,"79,832.36",,"85,230.45",,"85,230.45",,"85,230.45",,,,,,"8,786.36",,"8,786.36",,"8,786.36",,"8,786.36",,"8,786.36",,"8,786.36",,"8,786.36",,"71,475.26",,"71,475.26",,"72,015.45",,,,,,,,,,,,"5,817.09",,"5,817.09",,"45,185.27",,"45,185.27",,"49,023.69",,"49,023.69",,"49,023.69"
Landscaping Services:Job Materials:Decks and Patios,,,,,,,,,,,,,,,,,,,,,,,,,,,,"22,749.14",,"22,749.14",,"22,749.14",,"22,749.14",,"22,749.14",,"22,749.14",,"22,749.14",,"22,749.14",,"22,749.14",,"22,749.14",,"22,749.14",,,,"1,396.59",,"1,396.59",,"1,396.59",,"15,314.13",,"15,314.13",,"15,314.13",,"15,314.13",,"15,314.13",,"15,314.13",,"15,314.13",,"15,314.13"
Landscaping Services:Job Materials:Fountains and Garden Lighting,,"2,521.75",,"2,521.75",,"2,521.75",,"2,521.75",,"2,521.75",,"2,521.75",,"2,521.75",,"2,521.75",,"23,834.97",,"23,834.97",,"23,834.97",,"23,834.97",0.00,0.00,,"6,139.30",,"6,139.30",,"6,139.30",,"6,139.30",,"6,139.30",,"56,043.21",,"56,043.21",,"59,614.32",,"103,069.27",,"103,069.27",,"103,069.27",0.00,0.00,0.00,0.00,0.00,0.00,0.00,0.00,0.00,0.00,0.00,0.00,0.00,0.00,,"2,497.35",,"18,345.97",,"18,668.97",,"19,090.97",,"24,687.16"
Landscaping Services:Job Materials:Plants and Soil,,100.00,,170.00,,250.00,,310.00,,"8,177.56",,"8,217.56",,"8,407.56",,"31,932.64",,"32,292.64",,"32,312.64",,"54,287.31",,"54,537.31",,190.00,,360.00,,640.00,,"14,545.89",,"14,865.89",,"14,955.89",,"15,075.89",,"15,455.89",,"15,615.89",,"23,898.45",,"24,552.26",,"24,772.26",,120.00,,400.00,,"27,731.11",,"27,841.11",,"106,728.36",,"106,738.36",,"106,928.36",,"106,988.36",,"107,289.61",,"116,652.69",,"138,540.51",,"143,609.12"
Landscaping Services:Job Materials:Sprinklers and Drip Systems,,,,"2,756.88",,"2,756.88",,"2,756.88",,"2,756.88",,"2,756.88",,"2,756.88",,"23,704.90",,"23,704.90",,"23,704.90",,"23,704.90",,"27,675.75",,,,,,"18,515.86",,"18,515.86",,"51,753.04",,"51,753.04",,"138,297.19",,"138,297.19",,"146,143.76",,"146,143.76",,"146,143.76",,"147,129.76",,,,,,,,,,,,"65,092.78",,"65,092.78",,"65,092.78",,"78,983.31",,"79,091.31",,"86,790.08",,"86,820.08"
Landscaping Services:Labor,,,,,,,,,,,,,,"90,637.44",,"90,637.44",,"90,637.44",,"99,992.41",,"102,366.99",,"102,366.99",,,,,,,,,,"18,816.06",,"18,816.06",,"31,436.58",,"31,436.58",,"31,436.58",,"31,436.58",,"31,436.58",,"31,436.58",,,,"1,275.10",,"1,275.10",,"1,275.10",,"1,275.10",,"1,275.10",,"7,402.74",,"10,853.19",,"10,853.19",,"14,567.05",,"14,567.05",,"14,567.05"
Landscaping Services:Labor:Installation,,"5,631.57",,"6,381.57",,"7,431.57",,"7,481.57",,"7,531.57",,"7,631.57",,"8,181.57",,"9,131.57",,"9,981.57",,"32,388.51",,"33,638.51",,"34,038.51",,600.00,,"1,389.72",,"1,989.72",,"2,789.72",,"2,989.72",,"3,289.72",,"3,739.72",,"23,286.73",,"23,736.73",,"24,436.73",,"25,236.73",,"26,186.73",,950.00,,"2,900.00",,"18,133.33",,"23,449.65",,"33,107.26",,"34,057.26",,"34,207.26",,"40,680.12",,"41,280.12",,"43,687.42",,"43,987.42",,"45,888.46"
Landscaping Services:Labor:Maintenance and Repair,0.00,0.00,,"3,922.89",,"3,922.89",,"3,922.89",,"3,922.89",,"7,147.19",,"7,147.19",,"7,147.19",,"38,377.03",,"38,377.03",,"38,377.03",,"38,377.03",,"1,253.92",,"1,253.92",,"1,253.92",,"1,253.92",,"1,253.92",,"1,253.92",,"1,253.92",,"1,253.92",,"1,253.92",,"1,253.92",,"1,253.92",,"16,400.38",0.00,0.00,,"31,427.86",,"31,427.86",,"41,602.35",,"41,602.35",,"41,602.35",,"41,602.35",,"41,602.35",,"49,915.34",,"49,915.34",,"49,965.34",,"63,787.03"
Other Income,0.00,0.00,0.00,0.00,0.00,0.00,0.00,0.00,,"5,420.14",,"5,420.14",,"5,420.14",,"5,420.14",,"5,420.14",,"5,420.14",,"5,420.14",,"7,570.44",0.00,0.00,0.00,0.00,0.00,0.00,0.00,0.00,0.00,0.00,0.00,0.00,0.00,0.00,0.00,0.00,0.00,0.00,0.00,0.00,,"21,633.84",,"21,633.84",0.00,0.00,0.00,0.00,0.00,0.00,0.00,0.00,0.00,0.00,,"56,312.95",,"56,312.95",,"69,017.69",,"69,017.69",,"69,017.69",,"69,017.69",,"69,017.69"
Pest Control Services,,735.00,,"6,345.13",,"7,220.13",,"7,815.13",,"97,494.36",,"98,019.36",,"98,054.36",,"98,824.36",,"155,862.91",,"155,897.91",,"156,247.91",,"156,492.91",,"3,848.97",,"4,128.97",,"4,408.97",,"5,003.97",,"5,703.97",,"6,438.97",,"6,613.97",,"10,514.99",,"11,494.99",,"11,704.99",,"12,334.99",,"12,824.99",,385.00,,"1,400.00",,"2,275.00",,"2,835.00",,"3,430.00",,"3,745.00",,"4,060.00",,"4,305.00",,"5,215.00",,"6,055.00",,"8,958.21",,"10,398.21"
Refunds-Allowances,,,,,,"20,862.92",,"20,862.92",,"20,862.92",,"20,862.92",,"20,862.92",,"20,862.92",,"20,862.92",,"20,862.92",,"20,862.92",,"20,862.92",,,,,,,,"13,085.14",,"13,085.14",,"24,456.29",,"24,456.29",,"24,456.29",,"24,456.29",,"33,758.07",,"33,758.07",,"35,501.41",,,,"1,180.63",,"1,180.63",,"28,699.65",,"37,772.18",,"37,772.18",,"37,772.18",,"37,772.18",,"44,053.14",,"44,053.14",,"44,053.14",,"50,427.97"
Sales of Product Income,,,,,,,,,,"13,857.97",,"13,857.97",,"13,857.97",,"13,857.97",,"13,857.97",,"13,857.97",,"36,777.58",,"44,279.25",,,,,,,,,,"4,258.96",,"57,063.13",,"57,063.13",,"128,804.35",,"192,592.37",,"192,592.37",,"192,592.37",,"192,592.37",,,,,,,,,,,,,,"3,156.76",,"3,156.76",,"3,156.76",,"6,563.03",,"6,563.03",,"6,607.03"
Services,0.00,0.00,0.00,0.00,,"6,568.21",,"41,075.32",,"41,075.32",,"41,075.32",,"41,075.32",,"60,601.92",,"63,611.10",,"63,611.10",,"66,348.19",,"66,348.19",0.00,0.00,0.00,0.00,0.00,0.00,0.00,0.00,0.00,0.00,0.00,0.00,0.00,0.00,0.00,0.00,0.00,0.00,,"2,729.00",,"4,875.30",,"4,875.30",0.00,0.00,0.00,0.00,,"1,050.83",,"1,050.83",,"1,050.83",,"1,050.83",,"1,050.83",,"1,050.83",,"1,050.83",,"1,050.83",,"1,050.83",,"14,561.46"
Unapplied Cash Payment Income,,"1,979.18",,"12,416.02",,"21,661.98",,"21,661.98",,"21,661.98",,"21,661.98",,"21,661.98",,"21,661.98",,"21,661.98",,"21,661.98",,"21,661.98",,"21,661.98",,,,,,"2,243.91",,"2,243.91",,"2,243.91",,"2,243.91",,"2,243.91",,"7,872.00",,"7,872.00",,"7,872.00",,"7,872.00",,"7,872.00",,"18,398.08",,"18,398.08",,"41,780.13",,"41,780.13",,"41,780.13",,"41,780.13",,"48,326.65",,"48,326.65",,"48,326.65",,"48,326.65",,"49,282.49",,"49,282.49"
Uncategorized Income,,,,,,,,,,"11,167.08",,"17,509.22",,"17,509.22",,"17,509.22",,"17,509.22",,"17,509.22",,"17,509.22",,"17,509.22",,,,,,"1,858.14",,"1,858.14",,"1,858.14",,"1,858.14",,"1,858.14",,"1,858.14",,"1,858.14",,"1,858.14",,"1,858.14",,"1,858.14",,"1,213.05",,"1,213.05",,"1,213.05",,"2,209.26",,"5,265.98",,"5,265.98",,"5,265.98",,"5,265.98",,"5,265.98",,"5,265.98",,"5,265.98",,"5,265.98"
Cost of Goods Sold,,,,,,,,210.00,,210.00,,210.00,,210.00,,210.00,,210.00,,210.00,,210.00,,210.00,112.89,,112.89,,112.89,,112.89,,112.89,,112.89,,"1,009.52",,"1,009.52",,"1,009.52",,"1,009.52",,"1,460.73",,"1,517.56",,"1,235.14",,"1,235.14",,"2,298.96",,"2,298.96",,"2,298.96",,"2,648.67",,"2,648.67",,"5,350.48",,"5,400.21",,"5,948.22",,"5,948.22",,"5,948.22",
Advertising,,,,,,,,,"1,497.29",,"3,919.06",,"4,469.40",,"4,469.40",,"4,469.40",,"4,693.77",,"6,526.18",,"6,747.60",,579.79,,579.79,,"1,767.94",,"1,767.94",,"1,767.94",,"1,767.94",,"1,322.55",,"1,322.55",,"2,445.46",,"5,776.29",,"5,705.13",,"5,705.13",,,,,,,,"2,131.99",,"7,406.60",,"8,088.08",,"8,613.07",,"8,723.31",,"8,723.31",,"8,723.31",,"8,723.31",,"8,798.17",
Automobile,296.23,,296.23,,296.23,,296.23,,296.23,,"1,243.52",,"1,243.52",,"1,985.72",,"2,857.55",,"6,487.57",,"7,712.00",,"7,712.00",,,,816.42,,"1,737.24",,"1,737.24",,"1,737.24",,"1,737.24",,"2,033.57",,"3,222.95",,"6,885.01",,"6,885.01",,"8,137.25",,"7,857.06",,,,202.85,,,3.43,753.02,,753.02,,280.92,,"2,152.78",,"2,152.78",,"3,297.33",,"5,099.93",,"5,099.93",,"5,441.41",
Automobile:Fuel,565.18,,565.18,,"1,092.11",,"1,485.09",,"3,214.90",,"3,788.40",,"3,788.40",,"4,438.07",,"6,097.46",,"6,097.46",,"6,493.85",,"6,493.85",,,,633.77,,"1,670.99",,"2,379.47",,"2,991.99",,"2,991.99",,"2,991.99",,"4,588.42",,"4,588.42",,"6,100.25",,"6,100.25",,"6,100.25",,282.41,,282.41,,282.41,,282.41,,282.41,,282.41,,297.89,,297.89,,"1,290.98",,"4,649.06",,"6,110.10",,"7,952.62",
Bank Charges,,,,,,,,,,,47.27,,47.27,,47.27,,47.27,,"2,903.43",,"2,903.43",,"3,711.74",,227.19,,715.47,,715.47,,715.47,,715.47,,715.47,,715.47,,"1,503.17",,"1,503.17",,"1,503.17",,"1,503.17",,"2,214.70",,302.23,,335.68,,335.68,,335.68,,"1,522.24",,"2,545.26",,"2,545.26",,"2,545.26",,"5,113.29",,"5,315.69",,"5,315.69",,"5,315.69",
Commissions & fees,,,"1,767.16",,"1,767.16",,"1,767.16",,"1,767.16",,"3,745.25",,"4,904.83",,"4,904.83",,"4,904.83",,"4,958.13",,"4,896.61",,"5,275.48",,,,,,,,,,"1,064.94",,"2,076.69",,"1,781.46",,"1,781.46",,"2,585.79",,"3,062.97",,"3,062.97",,"3,920.68",,382.03,,"1,309.08",,"1,309.08",,"1,176.86",,"1,176.86",,"2,769.63",,"2,769.63",,"3,946.27",,"3,946.27",,"5,541.26",,"5,541.26",,"6,238.58",
Disposal Fees,,,,,"2,370.89",,"2,370.89",,"2,370.89",,"3,523.76",,"3,523.76",,"5,075.61",,"5,075.61",,"8,222.81",,"8,801.64",,"9,478.88",,,,770.73,,"1,098.45",,"2,163.24",,"2,285.30",,"3,135.34",,"4,744.28",,"6,034.00",,"6,034.00",,"7,420.30",,"7,420.30",,"7,420.30",,,,,,,,,,"1,200.76",,"1,200.76",,"2,641.57",,"2,641.57",,"2,641.57",,"3,481.73",,"3,481.73",,"3,481.73",
Dues & Subscriptions,,,629.71,,"1,774.29",,"1,774.29",,"1,774.29",,"1,774.29",,"2,709.39",,"2,709.39",,"2,808.63",,"2,808.63",,"3,603.36",,"4,573.69",,,,,,409.00,,409.00,,"3,643.90",,"3,643.90",,"5,434.32",,"5,473.68",,"5,473.68",,"6,155.62",,"6,155.62",,"6,992.63",,,,,,568.68,,568.68,,"1,676.08",,"1,676.08",,"3,639.69",,"3,639.69",,"3,858.22",,"3,858.22",,"3,858.22",,"3,858.22",
Equipment Rental,,,,,,110.71,,110.71,"1,239.74",,"1,484.06",,"1,484.06",,"1,484.06",,"3,010.12",,"3,010.12",,"3,010.12",,"4,177.22",,,,,,,,,,,,"1,238.04",,"1,288.38",,"3,817.22",,"3,817.22",,"4,395.88",,"4,395.88",,"5,889.47",,814.66,,"2,194.24",,"2,194.24",,"2,194.24",,"3,991.77",,"3,991.77",,"3,991.77",,"5,156.29",,"5,156.29",,"5,156.29",,"5,449.64",,"5,561.64",
Insurance,,,,,,,249.02,,877.69,,"2,062.05",,"2,782.48",,"2,782.48",,"2,782.48",,"2,900.41",,"2,900.41",,"2,900.41",,227.12,,227.12,,227.12,,227.12,,227.12,,227.12,,227.12,,227.12,,227.12,,958.26,,958.26,,"1,338.26",,360.98,,360.98,,38.28,,38.28,,38.28,,38.28,,38.28,,38.28,,"1,084.60",,"1,084.60",,"1,769.92",,"2,309.03",
Insurance:Workers Compensation,"2,054.49",,"2,054.49",,"2,054.49",,"3,369.73",,"3,369.73",,"3,369.73",,"3,369.73",,"3,369.73",,"3,369.73",,"3,845.58",,"4,230.29",,"4,764.59",,"1,454.23",,"2,186.66",,"3,720.53",,"3,720.53",,"4,506.62",,"4,506.62",,"4,506.62",,"6,802.25",,"7,305.31",,"7,305.31",,"8,112.60",,"10,839.69",,,,,,,,,,"2,485.40",,"2,485.40",,"2,584.94",,"2,858.73",,"3,099.30",,"3,629.38",,"3,629.38",,"5,240.70",
Job Expenses,46.42,,"1,612.08",,"1,612.08",,"1,612.08",,"1,612.08",,"1,612.08",,"1,275.96",,"1,275.96",,"1,275.96",,"1,275.96",,"1,275.96",,"1,405.01",,633.03,,633.03,,633.03,,"1,540.15",,"1,540.15",,"5,998.89",,"7,948.75",,"7,948.75",,"8,230.99",,"9,217.50",,"9,217.50",,"9,217.50",,,,,,369.53,,394.23,,394.23,,394.23,,394.23,,394.23,,464.01,,"1,819.68",,"3,324.97",,"5,701.17",
Job Expenses:Cost of Labor,,,"1,099.84",,"1,099.84",,"1,099.84",,"1,099.84",,"3,972.74",,"3,972.74",,"3,972.74",,"4,091.52",,"4,498.49",,"6,030.77",,"6,030.77",,,,160.92,,"1,399.28",,"1,399.28",,"1,523.78",,"1,523.78",,"1,523.78",,"1,523.78",,"1,694.07",,"3,759.13",,"4,271.74",,"4,271.74",,,290.09,,238.82,"1,505.78",,"1,505.78",,"1,505.78",,"1,663.83",,"1,663.83",,"1,663.83",,"2,840.88",,"3,372.41",,"3,823.47",,"3,823.47",
Job Expenses:Cost of Labor:Installation,,,,,825.05,,825.05,,825.05,,825.05,,825.05,,"2,065.43",,"2,430.59",,"2,430.59",,"2,430.59",,"2,430.59",,,,241.96,,793.72,,793.72,,793.72,,"3,090.19",,"3,090.19",,"3,650.08",,"3,650.08",,"3,650.08",,"3,719.93",,"3,719.93",,,,,0.44,,0.44,,0.44,164.78,,164.78,,355.28,,"1,961.80",,"4,115.59",,"4,115.59",,"4,835.14",,"6,045.24",
Job Expenses:Cost of Labor:Maintenance and Repairs,,,,,,,"2,009.11",,"3,262.51",,"3,262.51",,"3,262.51",,"4,807.11",,"5,657.40",,"5,657.40",,"5,657.40",,"6,372.14",,"1,200.70",,"1,200.70",,"1,200.70",,"1,653.75",,"2,548.29",,"4,740.75",,"5,165.17",,"5,165.17",,"5,165.17",,"5,165.17",,"5,165.17",,"5,165.17",,"2,109.29",,"2,529.16",,"3,991.14",,"3,991.14",,"4,176.80",,"4,176.80",,"4,176.80",,"4,176.80",,"4,021.33",,"4,021.33",,"4,021.33",,"4,323.50",
Job Expenses:Equipment Rental,,257.90,,257.90,,257.90,"1,333.59",,"1,246.52",,"1,246.52",,"1,418.14",,"1,418.14",,"1,418.14",,"4,037.68",,"3,787.22",,"4,200.29",,187.55,,187.55,,187.55,,"1,433.28",,"1,433.28",,"1,433.28",,"1,433.28",,"1,433.28",,"1,433.28",,"2,244.52",,"2,244.52",,"6,700.99",,,,,,,,"1,169.33",,"1,169.33",,"1,169.33",,"1,169.33",,"1,169.33",,"2,987.74",,"2,987.74",,"2,987.74",,"3,509.59",
Job Expenses:Job Materials,,,,,"1,751.65",,"2,080.58",,"2,080.58",,"2,080.58",,"3,348.71",,"3,348.71",,"3,425.04",,"3,010.98",,"5,942.87",,"5,942.87",,,,,,,,"1,896.22",,"1,896.22",,"1,896.22",,"1,896.22",,"1,896.22",,"1,896.22",,"1,435.58",,"1,977.04",,"2,082.64",,,,,,"1,105.82",,"1,433.62",,"1,433.62",,"3,071.94",,"4,377.14",,"4,377.14",,"4,377.14",,"5,748.58",,"8,381.78",,"8,381.78",
Job Expenses:Job Materials:Decks and Patios,,,,,,,,300.30,,300.30,,300.30,,300.30,606.09,,945.11,,"2,443.64",,"2,443.64",,"2,443.64",,"1,085.48",,"1,085.48",,"1,421.68",,"1,421.68",,"2,199.43",,"2,199.43",,"2,199.43",,"2,199.43",,"2,199.43",,"2,199.43",,"3,229.40",,"3,229.40",,101.13,,811.79,,811.79,,811.79,,989.74,,"2,437.63",,"2,437.63",,"4,738.07",,"4,738.07",,"4,738.07",,"7,172.17",,"7,363.81",
Job Expenses:Job Materials:Fountain and Garden Lighting,,,,,,,,,,,,,,,,,,,164.73,,164.73,,164.73,,,,,190.58,,190.58,"1,886.03",,"1,997.36",,"2,498.53",,"2,498.53",,"2,498.53",,"2,498.53",,"4,493.41",,"4,493.41",,"5,714.65",,,,,,,,"1,008.82",,"5,809.31",,"5,809.31",,"5,809.31",,"6,185.54",,"6,185.54",,"6,901.76",,"7,699.57",,"8,141.68",
Job Expenses:Job Materials:Plants and Soil,,,93.16,,902.54,,902.54,,902.54,,902.54,,902.54,,902.54,,902.54,,902.54,,902.54,,902.54,,,,,,,,340.33,,29.66,,29.66,,"3,017.09",,"3,017.09",,"5,691.97",,"5,691.97",,"6,329.12",,"6,329.12",,"1,397.52",,"1,397.52",,"1,397.52",,"4,069.99",,"5,706.81",,"6,559.21",,"6,725.08",,"6,725.08",,"6,787.57",,"7,431.68",,"8,679.13",,"8,761.58",
Job Expenses:Job Materials:Sprinklers and Drip Systems,,,,,,,,,,,,,,,,,904.03,,"2,532.88",,"2,532.88",,"2,532.88",,,,,,902.56,,"2,218.66",,"2,218.66",,"5,038.90",,"6,207.46",,"6,207.46",,"6,243.11",,"6,243.11",,"6,702.89",,"8,194.38",,,,,,107.31,,"2,374.04",,"8,258.68",,"8,799.26",,"8,799.26",,"11,487.78",,"12,051.00",,"13,153.65",,"13,357.78",,"14,163.91",
Job Expenses:Permits,120.55,,,354.25,479.42,,479.42,,479.42,,"1,624.57",,"3,242.59",,"3,623.96",,"4,881.66",,"4,988.81",,"4,988.81",,"5,043.23",,118.92,,"2,076.86",,"2,076.86",,"2,076.86",,"2,076.86",,"3,755.77",,"5,479.40",,"5,925.93",,"5,817.52",,"5,817.52",,"7,135.78",,"8,396.75",,484.52,,"1,535.54",,"1,535.54",,"3,208.74",,"3,877.28",,"5,442.28",,"7,014.19",,"7,014.19",,"7,014.19",,"7,322.85",,"7,322.85",,"9,537.11",
Legal & Professional Fees,,,137.50,,"1,305.51",,"1,305.51",,"2,381.14",,"2,381.14",,"3,572.05",,"3,572.05",,"4,217.00",,"4,217.00",,"4,217.00",,"5,692.57",,,,50.40,,"1,024.35",,"2,994.84",,"2,994.84",,"5,482.40",,"8,013.90",,"11,776.60",,"11,776.60",,"12,013.20",,"12,780.46",,"12,780.46",,128.53,,"1,445.41",,"1,445.41",,"1,445.41",,"2,669.71",,"2,669.71",,"3,942.18",,"3,942.18",,"3,942.18",,"3,942.18",,"3,942.18",,"4,439.38",
Legal & Professional Fees:Accounting,"1,205.19",,"3,201.67",,"3,201.67",,"3,201.67",,"3,201.67",,"3,201.67",,"4,060.54",,"5,281.78",,"7,696.42",,"8,082.41",,"8,658.22",,"9,310.67",,179.96,,179.96,,179.96,,179.96,,179.96,,179.96,,933.59,,933.59,,"3,613.01",,"3,613.01",,"3,613.01",,"3,924.30",,643.29,,643.29,,643.29,,643.29,,643.29,,"4,510.82",,"4,510.82",,"4,510.82",,"4,510.82",,"6,713.22",,"6,713.22",,"8,838.15",
Legal & Professional Fees:Bookkeeper,708.20,,"2,300.76",,"2,300.76",,"2,300.76",,"2,300.76",,"2,370.11",,"1,904.98",,"1,411.91",,"1,411.91",,"1,690.59",,"1,984.51",,"1,984.51",,,,,,"1,852.41",,"1,471.64",,"5,755.50",,"8,260.20",,"8,260.20",,"9,600.38",,"9,600.38",,"11,314.06",,"11,941.23",,"12,122.14",,210.27,,"3,301.16",,"3,301.16",,"3,301.16",,"3,642.15",,"4,059.40",,"3,922.71",,"4,602.70",,"4,602.70",,"4,602.70",,"6,315.40",,"6,315.40",
Legal & Professional Fees:Lawyer,,,,,,,"2,178.72",,"2,178.72",,"2,178.72",,"2,178.72",,"2,178.72",,"3,391.26",,"3,391.26",,"3,530.41",,"3,530.41",,,,"1,386.20",,"1,491.99",,"1,491.99",,"2,902.30",,"2,902.30",,"2,902.30",,"2,902.30",,"3,438.49",,"3,438.49",,"3,438.49",,"5,331.94",,,,,,"1,872.48",,"1,872.48",,"3,119.14",,"3,119.14",,"3,119.14",,"3,419.14",,"3,419.14",,"3,196.08",,"5,841.07",,"5,941.07",
Maintenance and Repair,"1,787.92",,"3,817.28",,"3,817.28",,"3,817.28",,"3,817.28",,"4,546.31",,"4,546.31",,"4,546.31",,"5,921.23",,"7,026.28",,"7,026.28",,"7,060.35",,,,55.86,,55.86,,81.46,,893.84,,893.84,,"2,257.04",,"6,121.88",,"6,121.88",,"6,155.14",,"6,155.14",,"7,119.81",,,,,73.65,,73.65,586.80,,"2,220.19",,"2,220.19",,"2,220.19",,"2,618.46",,"2,618.46",,"2,618.46",,"4,412.13",,"4,991.82",
Maintenance and Repair:Building Repairs,,,,,"1,029.56",,"1,029.56",,"1,029.56",,"1,029.56",,"1,638.27",,"5,330.29",,"6,860.68",,"6,860.68",,"6,860.68",,"6,860.68",,496.34,,"1,653.84",,"2,321.69",,"2,321.69",,"4,926.19",,"6,933.37",,"8,260.77",,"8,260.77",,"8,260.77",,"8,260.77",,"8,195.26",,"8,285.61",,,,,,,,728.18,,789.92,,789.92,,789.92,,"2,979.15",,"2,979.15",,"2,979.15",,"2,979.15",,"3,693.53",
Maintenance and Repair:Computer Repairs,,,125.74,,125.74,,"2,675.27",,"4,902.15",,"4,902.15",,"4,902.15",,"5,328.80",,"5,328.80",,"5,328.80",,"7,792.80",,"8,931.50",,,,,,,,,,583.44,,583.44,,"1,641.40",,"3,125.60",,"6,724.94",,"6,757.99",,"10,629.81",,"10,629.81",,,,,,196.90,,"4,734.58",,"4,734.58",,"4,734.58",,"6,687.57",,"6,687.57",,"6,687.57",,"6,687.57",,"6,687.57",,"6,687.57",
Maintenance and Repair:Equipment Repairs,,,224.42,,954.24,,954.24,,"1,516.44",,"1,516.44",,"2,318.04",,"3,237.77",,"3,237.77",,"3,237.77",,"3,237.77",,"3,237.77",,,,421.16,,421.16,,"1,081.51",,"1,368.96",,"1,368.96",,"1,368.96",,"3,717.45",,"4,636.94",,"4,679.71",,"4,679.71",,"6,843.32",,,,,,,,"1,467.54",,"1,467.54",,"1,631.78",,"1,631.78",,"1,631.78",,"1,631.78",,"2,393.31",,"2,393.31",,"3,713.28",
Meals and Entertainment,549.79,,549.79,,549.79,,549.79,,549.79,,605.58,,605.58,,978.76,,978.76,,978.76,,"2,508.00",,"2,508.00",,,,,,,,"1,207.96",,"1,207.96",,"4,083.27",,"4,083.27",,"5,300.89",,"5,300.89",,"6,434.71",,"7,352.15",,"7,352.15",,,,,,,,,,,,90.04,,90.04,,"3,448.02",,"5,829.51",,"7,719.72",,"8,345.20",,"8,354.72",
Office Expenses,,,,,,,,,"2,380.58",,"2,380.58",,"2,380.58",,"2,380.58",,"2,116.63",,"2,116.63",,"2,116.63",,"3,249.74",,,92.47,468.16,,468.16,,468.16,,468.16,,468.16,,468.16,,468.16,,468.16,,468.16,,781.21,,781.21,,,,210.98,,210.98,,210.98,,210.98,,210.98,,"2,469.44",,"4,271.26",,"5,916.51",,"7,597.78",,"7,597.78",,"9,216.06",
Promotional,201.05,,488.26,,"1,294.95",,"1,294.95",,"1,682.04",,"3,117.49",,"6,311.07",,"6,311.07",,"6,311.07",,"6,311.07",,"7,216.01",,"9,068.68",,535.08,,535.08,,535.08,,"1,720.21",,"1,720.21",,"1,720.21",,"2,600.82",,"2,600.82",,"2,600.82",,"2,600.82",,"2,600.82",,"2,600.82",,,,,,,,,,,,,,,,497.44,,221.37,,221.37,,912.79,,912.79,
Purchases,,,,,,,189.78,,251.65,,251.65,,473.63,,"1,629.38",,"1,629.38",,"1,629.38",,"1,629.38",,"1,629.38",,,,982.73,,982.73,,982.73,,982.73,,"2,664.72",,"2,852.93",,"5,147.99",,"9,593.84",,"9,660.59",,"9,660.59",,"9,660.59",,884.27,,884.27,,959.26,,"1,201.27",,"1,201.27",,"2,727.48",,"2,727.48",,"4,551.75",,"5,826.25",,"5,826.25",,"7,568.12",,"7,695.24",
Rent or Lease,849.28,,849.28,,849.28,,849.28,,849.28,,"4,857.34",,"4,857.34",,"4,857.34",,"4,857.34",,"4,857.34",,"5,323.64",,"6,731.12",,,,"1,682.77",,"1,682.77",,"2,846.54",,"4,620.15",,"4,953.62",,"4,953.62",,"6,207.07",,"6,207.07",,"7,613.31",,"7,613.31",,"7,613.31",,,,,,,,27.55,,27.55,,27.55,,74.33,,74.33,,74.33,,,11.60,730.04,,"2,674.74",
Stationery & Printing,,,,,,,,,857.67,,777.44,,"1,240.62",,"2,136.43",,"2,602.44",,"4,575.07",,"4,600.82",,"4,600.82",,,,178.83,,178.83,,178.83,,178.83,,178.83,,178.83,,178.83,,,61.48,"1,637.90",,"2,533.98",,"2,533.98",,"1,285.28",,"1,285.28",,"1,569.49",,"5,578.00",,"5,578.00",,"5,610.83",,"5,610.83",,"5,610.83",,"5,610.83",,"5,610.83",,"5,610.83",,"5,610.83",
Supplies,,,,,684.13,,684.13,,684.13,,405.78,,"2,458.88",,"6,307.80",,"6,473.21",,"6,473.21",,"6,473.21",,"7,272.33",,,,"1,193.31",,"1,193.31",,"5,060.48",,"5,878.01",,"8,407.03",,"9,392.20",,"9,392.20",,"10,449.62",,"10,449.62",,"10,449.62",,"10,449.62",,"1,080.85",,"1,080.85",,"1,106.17",,"1,106.17",,"1,106.17",,"1,106.17",,"1,569.20",,"1,809.63",,"1,809.63",,"1,809.63",,"1,809.63",,"1,809.63",
Taxes & Licenses,"1,732.88",,"1,732.88",,"1,732.88",,"3,846.80",,"7,032.89",,"7,032.89",,"7,032.89",,"7,032.89",,"7,458.52",,"7,458.52",,"7,458.52",,"7,458.52",,,,,,,,,,,,,,,,,,126.20,,126.20,,"2,706.31",,"2,706.31",,,,,,,,"3,056.24",,"3,056.24",,"3,056.24",,"3,916.58",,"3,768.07",,"4,794.98",,"5,776.55",,"5,776.55",,"6,201.80",
Travel,,,"1,013.39",,"1,744.02",,"1,828.65",,"2,026.70",,"2,026.70",,"2,026.70",,"2,920.75",,"5,108.34",,"7,143.28",,"9,844.73",,"9,844.73",,,,,,486.64,,486.64,,486.64,,486.64,,486.64,,486.64,,"1,174.17",,"1,174.17",,"2,396.84",,"3,558.22",,31.60,,"2,019.94",,"3,496.69",,"3,496.69",,"3,100.17",,"3,100.17",,"3,100.17",,"7,873.93",,"7,873.93",,"8,058.51",,"8,058.51",,"10,001.68",
Travel Meals,,,,,"1,531.29",,"5,948.44",,"5,948.44",,"5,948.44",,"5,948.44",,"5,948.44",,"5,948.44",,"5,948.44",,"5,948.44",,"7,320.06",,,,,,,,,,"1,207.71",,"1,362.07",,"1,541.07",,"3,504.04",,"4,090.95",,"3,888.49",,"3,888.49",,"3,888.49",,,,"2,661.10",,"2,661.10",,"2,661.10",,"2,952.44",,"3,588.76",,"3,588.76",,"3,308.41",,"3,364.54",,"4,142.01",,"4,142.01",,"4,553.02",
Unapplied Cash Bill Payment Expense,,,,,,401.78,,401.78,"1,273.71",,"1,273.71",,"1,273.71",,"3,186.00",,"3,186.00",,"4,006.84",,"4,715.99",,"4,715.99",,,,,,362.75,,362.75,,523.69,,164.31,,"3,943.36",,"3,943.36",,"3,980.28",,"4,033.27",,"4,033.27",,"5,512.84",,,,"2,398.41",,"3,161.51",,"3,161.51",,"5,780.66",,"7,837.70",,"7,837.70",,"7,837.70",,"10,288.74",,"11,412.58",,"12,763.70",,"13,827.93",
Uncategorized Expense,"1,049.85",,"1,049.85",,"1,049.85",,"2,051.31",,"2,543.72",,"2,543.72",,"2,989.17",,"2,510.44",,"2,510.44",,"2,510.44",,"4,083.73",,"4,747.63",,,,,,"1,327.74",,"3,212.49",,"3,212.49",,"3,212.49",,"3,212.49",,"3,212.49",,"3,212.49",,"6,217.45",,"6,292.41",,"6,292.41",,,,,,,,,,,,,,"2,138.96",,"2,285.09",,"2,285.09",,"2,285.09",,"2,285.09",,"3,801.27",
Utilities,501.96,,841.92,,"1,363.05",,"1,363.05",,"1,363.05",,"4,413.32",,"4,668.02",,"4,668.02",,"4,668.02",,"4,780.63",,"4,780.63",,"4,780.63",,,,,,163.19,,"1,073.86",,"1,073.86",,"1,740.31",,"5,634.98",,"5,634.98",,"5,634.98",,"6,432.24",,"8,352.66",,"9,398.12",,840.55,,840.55,,"1,335.33",,"1,335.33",,"1,526.59",,"1,685.52",,"1,685.52",,"1,685.52",,"2,587.71",,"4,039.78",,"4,638.41",,"4,638.41",
Utilities:Gas and Electric,,,126.24,,185.12,,185.12,,"1,289.18",,"1,289.18",,"3,948.72",,"6,376.47",,"8,619.18",,"8,619.18",,"8,619.18",,"8,619.18",,,,92.60,,92.60,,92.60,,"2,124.01",,"5,696.85",,"5,775.60",,"5,775.60",,"5,775.60",,"5,775.60",,"5,775.60",,"5,650.26",,,,,,"3,466.08",,"3,466.08",,"3,466.08",,"5,502.34",,"6,579.13",,"6,579.13",,"7,341.10",,"8,329.23",,"8,880.23",,"8,994.32",
Utilities:Telephone,40.40,,40.40,,40.40,,"3,534.78",,"3,931.20",,"3,931.20",,"3,931.20",,"3,931.20",,"3,931.20",,"3,931.20",,"3,931.20",,"7,000.61",,287.06,,"1,394.68",,"2,464.55",,"2,464.55",,"2,464.55",,"3,750.32",,"3,750.32",,"3,869.05",,"3,869.05",,"3,869.05",,"5,138.20",,"5,138.20",,20.42,,20.42,,"1,730.21",,"1,730.21",,"1,730.21",,"2,034.31",,"3,436.77",,"3,436.77",,"5,151.21",,"5,151.21",,"5,846.29",,"6,260.47",
Interest Earned,,,,,,,,"21,584.85",,"21,584.85",,"21,584.85",,"21,584.85",,"50,708.65",,"50,708.65",,"111,847.99",,"111,847.99",,"122,158.31",,,,,,"18,486.86",,"29,344.58",,"29,344.58",,"48,723.31",,"48,723.31",,"48,723.31",,"48,723.31",,"48,723.31",,"48,723.31",,"48,723.31",,,,,,,,"2,488.88",,"2,488.88",,"2,488.88",,"2,488.88",,"2,488.88",,"2,488.88",,"2,488.88",,"2,488.88",,"2,488.88"
Other Portfolio Income,,,,,,"3,496.21",,"3,496.21",,"3,496.21",,"39,858.49",,"39,858.49",,"39,858.49",,"39,858.49",,"39,858.49",,"43,136.76",,"44,046.04",,,,,,,,,,"42,191.13",,"48,566.00",,"48,566.00",,"70,924.79",,"70,924.79",,"70,924.79",,"70,924.79",,"70,924.79",,,,,,,,,,,,,,"4,223.86",,"4,223.86",,"4,223.86",,"4,223.86",,"4,223.86",,"4,223.86"
Depreciation,645.16,,"1,011.45",,"1,011.45",,"1,127.35",,"1,127.35",,"1,127.35",,"3,106.05",,"4,220.72",,"4,285.28",,"7,042.57",,"7,042.57",,"7,370.92",,876.77,,876.77,,876.77,,"2,163.10",,"1,666.07",,"1,666.07",,"1,666.07",,"1,727.34",,"2,290.95",,"4,628.04",,"4,787.59",,"4,716.27",,,,,,,,"1,109.29",,"1,208.80",,"1,780.61",,"2,916.70",,"4,868.70",,"5,426.72",,"7,857.58",,"8,940.96",,"8,940.96",
Miscellaneous,726.87,,848.99,,"2,104.04",,"2,104.04",,"2,140.71",,"3,611.01",,"3,939.19",,"4,252.44",,"4,252.44",,"4,252.44",,"4,328.81",,"5,422.57",,,,,,,,"1,126.88",,"1,126.88",,"1,126.88",,"1,126.88",,"1,126.88",,"2,031.38",,"3,924.60",,"3,924.60",,"3,924.60",,788.89,,"1,510.89",,"1,593.03",,"2,537.04",,"2,537.04",,"3,554.61",,"5,973.14",,"6,034.63",,"6,034.63",,"6,034.63",,"6,284.63",,"8,950.63",
Penalties & Settlements,,,,,"1,027.05",,"1,027.05",,"1,874.01",,"5,221.76",,"5,942.35",,"5,942.35",,"7,395.41",,"7,395.41",,"7,916.32",,"7,916.32",,"2,523.08",,"2,523.08",,"2,991.43",,"2,991.43",,"2,991.43",,"2,991.43",,"2,991.43",,"4,941.63",,"5,142.16",,"5,142.16",,"5,142.16",,"5,404.01",,464.66,,464.66,,"5,839.29",,"7,193.43",,"7,193.43",,"7,193.43",,"8,488.75",,"8,488.75",,"8,488.75",,"8,488.75",,"8,488.75",,"8,227.36",
Retained Earnings,,"629,205.48",,"629,205.48",,"629,205.48",,"629,205.48",,"629,205.48",,"629,205.48",,"629,205.48",,"629,205.48",,"629,205.48",,"629,205.48",,"629,205.48",,"629,205.48",,"1,453,949.69",,"1,453,949.69",,"1,453,949.69",,"1,453,949.69",,"1,453,949.69",,"1,453,949.69",,"1,453,949.69",,"1,453,949.69",,"1,453,949.69",,"1,453,949.69",,"1,453,949.69",,"1,453,949.69",,"2,262,884.52",,"2,262,884.52",,"2,262,884.52",,"2,262,884.52",,"2,262,884.52",,"2,262,884.52",,"2,262,884.52",,"2,262,884.52",,"2,262,884.52",,"2,262,884.52",,"2,262,884.52",,"2,262,884.52"
TOTAL,"694,113.60","694,113.60","721,953.07","721,953.07","774,424.01","774,424.01","934,809.21","934,809.21","1,071,292.09","1,071,292.09","1,150,746.69","1,150,746.69","1,337,473.51","1,337,473.51","1,437,954.11","1,437,954.11","1,591,365.62","1,591,365.62","1,725,518.53","1,725,518.53","1,791,130.41","1,791,130.41","1,822,143.04","1,822,143.04","1,611,508.32","1,611,508.32","1,654,465.73","1,654,465.73","1,713,031.70","1,713,031.70","1,826,259.96","1,826,259.96","1,940,876.08","1,940,876.08","2,084,436.68","2,084,436.68","2,259,853.82","2,259,853.82","2,413,542.64","2,413,542.64","2,522,537.05","2,522,537.05","2,672,082.63","2,672,082.63","2,722,217.77","2,722,217.77","2,745,339.77","2,745,339.77","2,487,814.28","2,487,814.28","2,533,042.35","2,533,042.35","2,606,479.35","2,606,479.35","2,661,826.87","2,661,826.87","2,795,350.21","2,795,350.21","2,995,849.25","2,995,849.25","3,043,251.92","3,043,251.92","3,135,602.25","3,135,602.25","3,219,486.01","3,219,486.01","3,259,010.02","3,259,010.02","3,310,238.39","3,310,238.39","3,383,663.90","3,383,663.90"



"Accrual Basis Wednesday, March 04, 2026 11:09 PM GMTZ",,,,,,,,,,,,,,,,,,,,,,,,,,,,,,,,,,,,,,,,,,,,,,,,,,,,,,,,,,,,,,,,,,,,,,,,
